{"stats":{"minecraft:mined":{"minecraft:hay_block":12,"minecraft:oak_log":10,"minecraft:carrots":1,"minecraft:packed_ice":2,"minecraft:wheat":5,"minecraft:oak_leaves":2},"minecraft:picked_up":{"minecraft:wheat":5,"minecraft:wheat_seeds":17,"minecraft:hay_block":12,"minecraft:oak_log":10,"minecraft:carrot":1},"minecraft:used":{"minecraft:wheat_seeds":6,"minecraft:bread":5},"minecraft:custom":{"minecraft:time_since_rest":6905,"minecraft:open_chest":3,"minecraft:play_time":16555,"minecraft:sprint_one_cm":56773,"minecraft:damage_taken":150,"minecraft:walk_one_cm":40665,"minecraft:sneak_time":2,"minecraft:jump":271,"minecraft:leave_game":1,"minecraft:time_since_death":16555,"minecraft:walk_on_water_one_cm":672,"minecraft:sleep_in_bed":1,"minecraft:total_world_time":16555,"minecraft:fall_one_cm":6233,"minecraft:fly_one_cm":28764}},"DataVersion":3465}